,x_1,x_2,y
0,1.0,-20.0,0.9887046181866692
1,1.0,-19.612244897959183,0.9719736391660512
2,1.0,-19.224489795918366,0.8109244278120747
3,1.0,-18.836734693877553,0.5294695024943036
4,1.0,-18.448979591836732,0.1693991707546422
5,1.0,-18.061224489795922,-0.21582347777318067
6,1.0,-17.6734693877551,-0.5690007481619549
7,1.0,-17.285714285714285,-0.8376930295940862
8,1.0,-16.89795918367347,-0.9820050064608364
9,1.0,-16.510204081632654,-0.9805092978470108
10,1.0,-16.122448979591837,-0.8334279859311098
11,1.0,-15.734693877551019,-0.5625996413179766
12,1.0,-15.346938775510207,-0.20823674136849127
13,1.0,-14.959183673469386,0.177045061327104
14,1.0,-14.571428571428573,0.536039288655944
15,1.0,-14.183673469387756,0.8154426305092966
16,1.0,-13.79591836734694,0.9737693975850286
17,1.0,-13.408163265306122,0.9875112988815126
18,1.0,-13.020408163265307,0.8546279427419244
19,1.0,-12.63265306122449,0.5948497933391843
20,1.0,-12.244897959183676,0.24674859975159355
21,1.0,-11.857142857142858,-0.1379897209266416
22,1.0,-11.469387755102039,-0.5022393865613173
23,1.0,-11.081632653061225,-0.7919167618004321
24,1.0,-10.693877551020408,-0.9640106732367087
25,1.0,-10.306122448979592,-0.9929686901322851
26,1.0,-9.918367346938776,-0.8744911384611921
27,1.0,-9.530612244897961,-0.6261695146790601
28,1.0,-9.142857142857142,-0.28487450781520784
29,1.0,-8.755102040816327,0.09871854474461517
30,1.0,-8.36734693877551,0.4676539097890786
31,1.0,-7.979591836734696,0.7671522213117493
32,1.0,-7.591836734693878,0.9527440974651316
33,1.0,-7.204081632653061,0.9968729354540408
34,1.0,-6.816326530612246,0.8929865041923046
35,1.0,-6.428571428571429,0.6565098167862223
36,1.0,-6.040816326530613,0.3225548311524483
37,1.0,-5.6530612244897975,-0.059292958552069536
38,1.0,-5.2653061224489806,-0.4323369550020793
39,1.0,-4.8775510204081645,-0.7411877443484253
40,1.0,-4.489795918367348,-0.9399872928161712
41,1.0,-4.1020408163265305,-0.999217928045239
42,1.0,-3.7142857142857153,-0.9100851105215996
43,1.0,-3.3265306122448983,-0.6858232430619169
44,1.0,-2.9387755102040813,-0.3597306323150515
45,1.0,-2.5510204081632644,0.019774629639528942
46,1.0,-2.163265306122451,0.3963437630000505
47,1.0,-1.775510204081634,0.7140639430889665
48,1.0,-1.3877551020408172,0.9257602127681246
49,1.0,-1.0,1.0
50,1.4736842105263157,-20.0,0.9482111999175096
51,1.4736842105263157,-19.612244897959183,0.7577127733220616
52,1.4736842105263157,-19.224489795918366,0.4547094765780052
53,1.4736842105263157,-18.836734693877553,0.08419111024701521
54,1.4736842105263157,-18.448979591836732,-0.2988279163070855
55,1.4736842105263157,-18.061224489795922,-0.6374771010100208
56,1.4736842105263157,-17.6734693877551,-0.8814739570246025
57,1.4736842105263157,-17.285714285714285,-0.9945899349992928
58,1.4736842105263157,-16.89795918367347,-0.9600296226593592
59,1.4736842105263157,-16.510204081632654,-0.7829245204743691
60,1.4736842105263157,-16.122448979591837,-0.4895711186521083
61,1.4736842105263157,-15.734693877551019,-0.12352640546264003
62,1.4736842105263157,-15.346938775510207,0.2608594558449578
63,1.4736842105263157,-14.959183673469386,0.6065130161538492
64,1.4736842105263157,-14.571428571428573,0.8621117819174928
65,1.4736842105263157,-14.183673469387756,0.9897045571618408
66,1.4736842105263157,-13.79591836734694,0.9703464209139644
67,1.4736842105263157,-13.408163265306122,0.8069116610063588
68,1.4736842105263157,-13.020408163265307,0.5236670010426923
69,1.4736842105263157,-12.63265306122449,0.16266848760349706
70,1.4736842105263157,-12.244897959183676,-0.2224829736537256
71,1.4736842105263157,-11.857142857142858,-0.5746002576574151
72,1.4736842105263157,-11.469387755102039,-0.8414011399173696
73,1.4736842105263157,-11.081632653061225,-0.983271138969078
74,1.4736842105263157,-10.693877551020408,-0.9791454577241708
75,1.4736842105263157,-10.306122448979592,-0.8296366755782644
76,1.4736842105263157,-9.918367346938776,-0.5569437928829777
77,1.4736842105263157,-9.530612244897961,-0.20155613282019794
78,1.4736842105263157,-9.142857142857142,0.1837584960742849
79,1.4736842105263157,-8.755102040816327,0.5417887416675568
80,1.4736842105263157,-8.36734693877551,0.8193744254487804
81,1.4736842105263157,-7.979591836734696,0.9752997432128884
82,1.4736842105263157,-7.591836734693878,0.986412970130142
83,1.4736842105263157,-7.204081632653061,0.8510640189969477
84,1.4736842105263157,-6.816326530612246,0.5893494444816784
85,1.4736842105263157,-6.428571428571429,0.2401285152393204
86,1.4736842105263157,-6.040816326530613,-0.14474659376238236
87,1.4736842105263157,-5.6530612244897975,-0.5081297901171709
88,1.4736842105263157,-5.2653061224489806,-0.7960660914630069
89,1.4736842105263157,-4.8775510204081645,-0.9658028383033936
90,1.4736842105263157,-4.489795918367348,-0.9921375906966108
91,1.4736842105263157,-4.1020408163265305,-0.8711601758137041
92,1.4736842105263157,-3.7142857142857153,-0.6208332687362136
93,1.4736842105263157,-3.3265306122448983,-0.27832530210382983
94,1.4736842105263157,-2.9387755102040813,0.1055082869474256
95,1.4736842105263157,-2.5510204081632644,0.473676050450328
96,1.4736842105263157,-2.163265306122451,0.7715125955486932
97,1.4736842105263157,-1.775510204081634,0.9547952787665676
98,1.4736842105263157,-1.3877551020408172,0.9963103652931836
99,1.4736842105263157,-1.0,0.8898937127472435
100,1.9473684210526316,-20.0,0.6989097521395541
101,1.9473684210526316,-19.612244897959183,0.3765940269291088
102,1.9473684210526316,-19.224489795918366,-0.0016382191453609284
103,1.9473684210526316,-18.836734693877553,-0.37962722313824576
104,1.9473684210526316,-18.448979591836732,-0.7012493385847121
105,1.9473684210526316,-18.061224489795922,-0.9187502506451336
106,1.9473684210526316,-17.6734693877551,-0.9998355164513009
107,1.9473684210526316,-17.285714285714285,-0.932465630241034
108,1.9473684210526316,-16.89795918367347,-0.7266436440505075
109,1.9473684210526316,-16.510204081632654,-0.41292991880457103
110,1.9473684210526316,-16.122448979591837,-0.03790453493118053
111,1.9473684210526316,-15.734693877551019,0.34274889815903803
112,1.9473684210526316,-15.346938775510207,0.6725111207026829
113,1.9473684210526316,-14.959183673469386,0.9024191782222526
114,1.9473684210526316,-14.571428571428573,0.9983364201714556
115,1.9473684210526316,-14.183673469387756,0.9460210952819372
116,1.9473684210526316,-13.79591836734694,0.7532409607312252
117,1.9473684210526316,-13.408163265306122,0.4486199288624739
118,1.9473684210526316,-13.020408163265307,0.07738800086026612
119,1.9473684210526316,-12.63265306122449,-0.305334464578276
120,1.9473684210526316,-12.244897959183676,-0.6427209986471171
121,1.9473684210526316,-11.857142857142858,-0.8846765923379191
122,1.9473684210526316,-11.469387755102039,-0.9952757820603452
123,1.9473684210526316,-11.081632653061225,-0.9580968471883752
124,1.9473684210526316,-10.693877551020408,-0.7786601001508139
125,1.9473684210526316,-10.306122448979592,-0.4836082327909581
126,1.9473684210526316,-9.918367346938776,-0.11675042081913604
127,1.9473684210526316,-9.530612244897961,0.2674424439543768
128,1.9473684210526316,-9.142857142857142,0.6119255684559981
129,1.9473684210526316,-8.755102040816327,0.8655502449497832
130,1.9473684210526316,-8.36734693877551,0.9906583893964304
131,1.9473684210526316,-7.979591836734696,0.9686739977465512
132,1.9473684210526316,-7.591836734693878,0.8028613031171641
133,1.9473684210526316,-7.204081632653061,0.5178401038475277
134,1.9473684210526316,-6.816326530612246,0.15593022631834758
135,1.9473684210526316,-6.428571428571429,-0.2291321048606186
136,1.9473684210526316,-6.040816326530613,-0.5801729986138952
137,1.9473684210526316,-5.6530612244897975,-0.8450700524176237
138,1.9473684210526316,-5.2653061224489806,-0.9844914644463242
139,1.9473684210526316,-4.8775510204081645,-0.9777360027708396
140,1.9473684210526316,-4.489795918367348,-0.8258067154660527
141,1.9473684210526316,-4.1020408163265305,-0.5512619984595581
142,1.9473684210526316,-3.7142857142857153,-0.1948661345037533
143,1.9473684210526316,-3.3265306122448983,0.19046337018056636
144,1.9473684210526316,-2.9387755102040813,0.5475129547095436
145,1.9473684210526316,-2.5510204081632644,0.8232680487098569
146,1.9473684210526316,-2.163265306122451,0.9767846531681276
147,1.9473684210526316,-1.775510204081634,0.9852686879812738
148,1.9473684210526316,-1.3877551020408172,0.8474604472705024
149,1.9473684210526316,-1.0,0.5838216399741468
150,2.421052631578948,-20.0,0.29569958849593425
151,2.421052631578948,-19.612244897959183,-0.08745545967730488
152,2.421052631578948,-19.224489795918366,-0.457625158413126
153,2.421052631578948,-18.836734693877553,-0.7598468683638573
154,2.421052631578948,-18.448979591836732,-0.9492468386423124
155,2.421052631578948,-18.061224489795922,-0.9977030422580964
156,2.421052631578948,-17.6734693877551,-0.8980207227182092
157,2.421052631578948,-17.285714285714285,-0.6650006684094918
158,2.421052631578948,-16.89795918367347,-0.33324159783722673
159,2.421052631578948,-16.510204081632654,0.047997043375532816
160,2.421052631578948,-16.122448979591837,0.4221091040123751
161,2.421052631578948,-15.734693877551019,0.7335465845081847
162,2.421052631578948,-15.346938775510207,0.9360673802868812
163,2.421052631578948,-14.959183673469386,0.9996012897711836
164,2.421052631578948,-14.571428571428573,0.9147148251168444
165,2.421052631578948,-14.183673469387756,0.6940118924734733
166,2.421052631578948,-13.79591836734694,0.3702623693628577
167,2.421052631578948,-13.408163265306122,-0.008463552790695173
168,2.421052631578948,-13.020408163265307,-0.3859328102274325
169,2.421052631578948,-12.63265306122449,-0.706098928230003
170,2.421052631578948,-12.244897959183676,-0.9214237778396712
171,2.421052631578948,-11.857142857142858,-0.9999360170149246
172,2.421052631578948,-11.469387755102039,-0.929978181892824
173,2.421052631578948,-11.081632653061225,-0.7219375820627053
174,2.421052631578948,-10.693877551020408,-0.4067039972585263
175,2.421052631578948,-10.306122448979592,-0.03108317600869473
176,2.421052631578948,-9.918367346938776,0.34915286198788803
177,2.421052631578948,-9.530612244897961,0.6775468316137102
178,2.421052631578948,-9.142857142857142,0.905338936002266
179,2.421052631578948,-8.755102040816327,0.99870670042774
180,2.421052631578948,-8.36734693877551,0.9437869189596074
181,2.421052631578948,-7.979591836734696,0.7487340573798988
182,2.421052631578948,-7.591836734693878,0.44250948157390463
183,2.421052631578948,-7.204081632653061,0.07058128624764204
184,2.421052631578948,-6.816326530612246,-0.311826788425773
185,2.421052631578948,-6.428571428571429,-0.6479349542473329
186,2.421052631578948,-6.040816326530613,-0.8878380137820583
187,2.421052631578948,-5.6530612244897975,-0.9959152628376828
188,2.421052631578948,-5.2653061224489806,-0.9561194374652136
189,2.421052631578948,-4.8775510204081645,-0.7743594048813897
190,2.421052631578948,-4.489795918367348,-0.4776228173787731
191,2.421052631578948,-4.1020408163265305,-0.1099689971975784
192,2.421052631578948,-3.7142857142857153,0.2740129728917164
193,2.421052631578948,-3.3265306122448983,0.6173096133685037
194,2.421052631578948,-2.9387755102040813,0.8689483851399528
195,2.421052631578948,-2.5510204081632644,0.9915660704548582
196,2.421052631578948,-2.163265306122451,0.9669564475759336
197,2.421052631578948,-1.775510204081634,0.7987735428359545
198,2.421052631578948,-1.3877551020408172,0.5119890823627902
199,2.421052631578948,-1.0,0.1491847008103124
200,2.8947368421052633,-20.0,-0.17262734281059333
201,2.8947368421052633,-19.612244897959183,-0.5322461543536129
202,2.8947368421052633,-19.224489795918366,-0.8128372833882401
203,2.8947368421052633,-18.836734693877553,-0.9727386784771092
204,2.8947368421052633,-18.448979591836732,-0.988208248521268
205,2.8947368421052633,-18.061224489795922,-0.85694907834342
206,2.8947368421052633,-17.6734693877551,-0.5984504736760377
207,2.8947368421052633,-17.285714285714285,-0.25109419733960703
208,2.8947368421052633,-16.89795918367347,0.13354443856812204
209,2.8947368421052633,-16.510204081632654,0.4983544530652593
210,2.8947368421052633,-16.122448979591837,0.7891690104391514
211,2.8947368421052633,-15.734693877551019,0.962808088963059
212,2.8947368421052633,-15.346938775510207,0.9934898321474744
213,2.8947368421052633,-14.959183673469386,0.8766586278205711
214,2.8947368421052633,-14.571428571428573,0.6296615234848932
215,2.8947368421052633,-14.183673469387756,0.28917254408598125
216,2.8947368421052633,-13.79591836734694,-0.09425265160541743
217,2.8947368421052633,-13.408163265306122,-0.4636832536943636
218,2.8947368421052633,-13.020408163265307,-0.7642663635888008
219,2.8947368421052633,-12.63265306122449,-0.9513715290406178
220,2.8947368421052633,-12.244897959183676,-0.9972174547035556
221,2.8947368421052633,-11.857142857142858,-0.8949969570442851
222,2.8947368421052633,-11.469387755102039,-0.6598876920567267
223,2.8947368421052633,-11.081632653061225,-0.3267985833587224
224,2.8947368421052633,-10.693877551020408,0.054813439931745235
225,2.8947368421052633,-10.306122448979592,0.4282867869862521
226,2.8947368421052633,-9.918367346938776,0.7381682941605919
227,2.8947368421052633,-9.530612244897961,0.938446887135336
228,2.8947368421052633,-9.142857142857142,0.9993852856513932
229,2.8947368421052633,-8.755102040816327,0.9119353822285984
230,2.8947368421052633,-8.36734693877551,0.6890817013140632
231,2.8947368421052633,-7.979591836734696,0.3639134626176601
232,2.8947368421052633,-7.591836734693878,-0.015288492149844738
233,2.8947368421052633,-7.204081632653061,-0.3922204181087482
234,2.8947368421052633,-6.816326530612246,-0.710915623290869
235,2.8947368421052633,-6.428571428571429,-0.9240543792471309
236,2.8947368421052633,-6.040816326530613,-0.9999899341914134
237,2.8947368421052633,-5.6530612244897975,-0.9274474092389212
238,2.8947368421052633,-5.2653061224489806,-0.7171978876251256
239,2.8947368421052633,-4.8775510204081645,-0.400459128850452
240,2.8947368421052633,-4.489795918367348,-0.024260369033937714
241,2.8947368421052633,-4.1020408163265305,0.3555405600530692
242,2.8947368421052633,-3.7142857142857153,0.6825509780787915
243,2.8947368421052633,-3.3265306122448983,0.9082165173295594
244,2.8947368421052633,-2.9387755102040813,0.9990304545662846
245,2.8947368421052633,-2.5510204081632644,0.9415087750326802
246,2.8947368421052633,-2.163265306122451,0.7441922732283383
247,2.8947368421052633,-1.775510204081634,0.4363784193758401
248,2.8947368421052633,-1.3877551020408172,0.06377128350925297
249,2.8947368421052633,-1.0,-0.3183045853957953
250,3.3684210526315788,-20.0,-0.6029395625267545
251,3.3684210526315788,-19.612244897959183,-0.8598295531090534
252,3.3684210526315788,-19.224489795918366,-0.989052417534363
253,3.3684210526315788,-18.836734693877553,-0.9714211998818272
254,3.3684210526315788,-18.448979591836732,-0.8095537758457717
255,3.3684210526315788,-18.061224489795922,-0.5274841516666133
256,3.3684210526315788,-17.6734693877551,-0.1670939051116235
257,3.3684210526315788,-17.285714285714285,0.2181063733698265
258,3.3684210526315788,-16.89795918367347,0.5709223103454898
259,3.3684210526315788,-16.510204081632654,0.8389679456291966
260,3.3684210526315788,-16.122448979591837,0.982443977357153
261,3.3684210526315788,-15.734693877551019,0.9800471453926444
262,3.3684210526315788,-15.346938775510207,0.8321333303258222
263,3.3684210526315788,-14.959183673469386,0.5606647124751194
264,3.3684210526315788,-14.571428571428573,0.2059488366992687
265,3.3684210526315788,-14.183673469387756,-0.17934623471099226
266,3.3684210526315788,-13.79591836734694,-0.5380120535096908
267,3.3684210526315788,-13.408163265306122,-0.8167940715469016
268,3.3684210526315788,-13.020408163265307,-0.9742988534163136
269,3.3684210526315788,-12.63265306122449,-0.9871401561299521
270,3.3684210526315788,-12.244897959183676,-0.8534113085253353
271,3.3684210526315788,-11.857142857142858,-0.5929683129883238
272,3.3684210526315788,-11.469387755102039,-0.2444816346683176
273,3.3684210526315788,-11.081632653061225,0.14030557273144087
274,3.3684210526315788,-10.693877551020408,0.5042602683971438
275,3.3684210526315788,-10.306122448979592,0.793342613992262
276,3.3684210526315788,-9.918367346938776,0.9646297858578488
277,3.3684210526315788,-9.530612244897961,0.9926891376042044
278,3.3684210526315788,-9.142857142857142,0.8733544286242995
279,3.3684210526315788,-8.755102040816327,0.6243444257262278
280,3.3684210526315788,-8.36734693877551,0.28263202817751004
281,3.3684210526315788,-7.979591836734696,-0.1010454526448296
282,3.3684210526315788,-7.591836734693878,-0.4697197476569695
283,3.3684210526315788,-7.204081632653061,-0.7686502544197821
284,3.3684210526315788,-6.816326530612246,-0.953451898494891
285,3.3684210526315788,-6.428571428571429,-0.9966854104098244
286,3.3684210526315788,-6.040816326530613,-0.8919314967128786
287,3.3684210526315788,-5.6530612244897975,-0.6547439739331882
288,3.3684210526315788,-5.2653061224489806,-0.32034034452119275
289,3.3684210526315788,-4.8775510204081645,0.061627282928879014
290,3.3684210526315788,-4.489795918367348,0.4344445176343153
291,3.3684210526315788,-4.1020408163265305,0.7427556152332989
292,3.3684210526315788,-3.7142857142857153,0.9407826751518802
293,3.3684210526315788,-3.3265306122448983,0.9991227238010424
294,3.3684210526315788,-2.9387755102040813,0.9091134555831618
295,3.3684210526315788,-2.5510204081632644,0.6841194083410234
296,3.3684210526315788,-2.163265306122451,0.3575476024660201
297,3.3684210526315788,-1.775510204081634,-0.02211271927367484
298,3.3684210526315788,-1.3877551020408172,-0.39848975386537816
299,3.3684210526315788,-1.0,-0.7156991993749853
300,3.842105263157895,-20.0,-0.9004769089076716
301,3.842105263157895,-19.612244897959183,-0.9980676723384251
302,3.842105263157895,-19.224489795918366,-0.9474657724943428
303,3.842105263157895,-18.836734693877553,-0.7561845579313337
304,3.842105263157895,-18.448979591836732,-0.4526253819906194
305,3.842105263157895,-18.061224489795922,-0.08186058194044535
306,3.842105263157895,-17.6734693877551,0.3010588424816011
307,3.842105263157895,-17.285714285714285,0.6392771780834301
308,3.842105263157895,-16.89795918367347,0.8825759103190419
309,3.842105263157895,-16.510204081632654,0.9948301469585278
310,3.842105263157895,-16.122448979591837,0.9593724267139006
311,3.842105263157895,-15.734693877551019,0.7814674967985373
312,3.842105263157895,-15.346938775510207,0.4875306055012746
313,3.842105263157895,-14.959183673469386,0.12120537736112788
314,3.842105263157895,-14.571428571428573,-0.2631163736323175
315,3.842105263157895,-14.183673469387756,-0.6083707174343883
316,3.842105263157895,-13.79591836734694,-0.8632944359955976
317,3.842105263157895,-13.408163265306122,-0.9900365640632568
318,3.842105263157895,-13.020408163265307,-0.9697784843952496
319,3.842105263157895,-12.63265306122449,-0.8055281080401343
320,3.842105263157895,-12.244897959183676,-0.5216732609846326
321,3.842105263157895,-11.857142857142858,-0.1603605901290132
322,3.842105263157895,-11.469387755102039,0.22476235290971885
323,3.842105263157895,-11.081632653061225,0.5765126774329421
324,3.842105263157895,-10.693877551020408,0.8426626449379663
325,3.842105263157895,-10.306122448979592,0.9836944215061022
326,3.842105263157895,-9.918367346938776,0.9786676689666468
327,3.842105263157895,-9.530612244897961,0.8283287573975932
328,3.842105263157895,-9.142857142857142,0.5549999444140572
329,3.842105263157895,-8.755102040816327,0.19926497585651828
330,3.842105263157895,-8.36734693877551,-0.1860567715217275
331,3.842105263157895,-7.979591836734696,-0.5437528886383264
332,3.842105263157895,-7.591836734693878,-0.8207128082364731
333,3.842105263157895,-7.204081632653061,-0.9758136393107181
334,3.842105263157895,-6.816326530612246,-0.9860260764641838
335,3.842105263157895,-6.428571428571429,-0.8498337813740859
336,3.842105263157895,-6.040816326530613,-0.5874585280606451
337,3.842105263157895,-5.6530612244897975,-0.2378576824856572
338,3.842105263157895,-5.2653061224489806,0.14706017056773513
339,3.842105263157895,-4.8775510204081645,0.5101425920746621
340,3.842105263157895,-4.489795918367348,0.7974792585945099
341,3.842105263157895,-4.1020408163265305,0.9664065441545774
342,3.842105263157895,-3.7142857142857153,0.9918421972795892
343,3.842105263157895,-3.3265306122448983,0.8700095430173367
344,3.842105263157895,-2.9387755102040813,0.6189982420284674
345,3.842105263157895,-2.5510204081632644,0.2760783454694014
346,3.842105263157895,-2.163265306122451,-0.10783354634361417
347,3.842105263157895,-1.775510204081634,-0.4757343590826162
348,3.842105263157895,-1.3877551020408172,-0.772998336627246
349,3.842105263157895,-1.0,-0.9554878500882752
350,4.3157894736842115,-20.0,-0.9997179168952643
351,4.3157894736842115,-19.612244897959183,-0.9165187399114272
352,4.3157894736842115,-19.224489795918366,-0.6972352504374877
353,4.3157894736842115,-18.836734693877553,-0.3744265676774667
354,4.3157894736842115,-18.448979591836732,0.003976812519229895
355,4.3157894736842115,-18.061224489795922,0.3817897172853492
356,4.3157894736842115,-17.6734693877551,0.702914647294304
357,4.3157894736842115,-17.285714285714285,0.9196711095886629
358,4.3157894736842115,-16.89795918367347,0.9998751968846916
359,4.3157894736842115,-16.510204081632654,0.9316182404304236
360,4.3157894736842115,-16.122448979591837,0.7250350040743777
361,4.3157894736842115,-15.734693877551019,0.4107988788420444
362,4.3157894736842115,-15.346938775510207,0.03556751088905827
363,4.3157894736842115,-14.959183673469386,-0.34494490594546834
364,4.3157894736842115,-14.571428571428573,-0.674240049931775
365,4.3157894736842115,-14.183673469387756,-0.9034243182177928
366,4.3157894736842115,-13.79591836734694,-0.9984685281746296
367,4.3157894736842115,-13.408163265306122,-0.9452605559526498
368,4.3157894736842115,-13.020408163265307,-0.7517006986254532
369,4.3157894736842115,-12.63265306122449,-0.4465286414422443
370,4.3157894736842115,-12.244897959183676,-0.075056201591816
371,4.3157894736842115,-11.857142857142858,0.3075605511318322
372,4.3157894736842115,-11.469387755102039,0.6445108441015893
373,4.3157894736842115,-11.081632653061225,0.8857644412018687
374,4.3157894736842115,-10.693877551020408,0.995500110997374
375,4.3157894736842115,-10.306122448979592,0.957424347933372
376,4.3157894736842115,-9.918367346938776,0.7771906251069902
377,4.3157894736842115,-9.530612244897961,0.4815599689875053
378,4.3157894736842115,-9.142857142857142,0.1144274935939785
379,4.3157894736842115,-8.755102040816327,-0.2696951273553341
380,4.3157894736842115,-8.36734693877551,-0.6137735305599813
381,4.3157894736842115,-7.979591836734696,-0.8667191011299676
382,4.3157894736842115,-7.591836734693878,-0.990974588384573
383,4.3157894736842115,-7.204081632653061,-0.9680905904514464
384,4.3157894736842115,-6.816326530612246,-0.8014649136057286
385,4.3157894736842115,-6.428571428571429,-0.5158380674402048
386,4.3157894736842115,-6.040816326530613,-0.15361980452895765
387,4.3157894736842115,-5.6530612244897975,0.2314078615879553
388,4.3157894736842115,-5.2653061224489806,0.5820761868887221
389,4.3157894736842115,-4.8775510204081645,0.8463180876547677
390,4.3157894736842115,-4.489795918367348,0.9848990389048594
391,4.3157894736842115,-4.1020408163265305,0.9772425999686004
392,4.3157894736842115,-3.7142857142857153,0.8244855956411549
393,4.3157894736842115,-3.3265306122448983,0.5493093209214182
394,4.3157894736842115,-2.9387755102040813,0.19257183198229733
395,4.3157894736842115,-2.5510204081632644,-0.19275864062326
396,4.3157894736842115,-2.163265306122451,-0.5494683922948616
397,4.3157894736842115,-1.775510204081634,-0.8245933108972443
398,4.3157894736842115,-1.3877551020408172,-0.9772829655919488
399,4.3157894736842115,-1.0,-0.984866061424888
400,4.7894736842105265,-20.0,-0.8788084686240624
401,4.7894736842105265,-19.612244897959183,-0.6331408561859854
402,4.7894736842105265,-19.224489795918366,-0.2934647588457984
403,4.7894736842105265,-18.836734693877553,0.08978486100791648
404,4.7894736842105265,-18.448979591836732,0.4597032629058922
405,4.7894736842105265,-18.061224489795922,0.7613651199480034
406,4.7894736842105265,-17.6734693877551,0.9499798079686924
407,4.7894736842105265,-17.285714285714285,0.9975418983530341
408,4.7894736842105265,-16.89795918367347,0.8969893921601564
409,4.7894736842105265,-16.510204081632654,0.66325228272084
410,4.7894736842105265,-16.122448979591837,0.33103575658102186
411,4.7894736842105265,-15.734693877551019,-0.05033281782823227
412,4.7894736842105265,-15.346938775510207,-0.42422799686478896
413,4.7894736842105265,-14.959183673469386,-0.7351339834512511
414,4.7894736842105265,-14.571428571428573,-0.936887589001031
415,4.7894736842105265,-14.183673469387756,-0.9995325240155682
416,4.7894736842105265,-13.79591836734694,-0.9137672952015956
417,4.7894736842105265,-13.408163265306122,-0.6923262872371976
418,4.7894736842105265,-13.020408163265307,-0.36808896675375335
419,4.7894736842105265,-12.63265306122449,0.010802046878091196
420,4.7894736842105265,-12.244897959183676,0.3880891771861376
421,4.7894736842105265,-11.857142857142858,0.7077529916116009
422,4.7894736842105265,-11.469387755102039,0.9223299430171271
423,4.7894736842105265,-11.081632653061225,0.9999597369682944
424,4.7894736842105265,-10.693877551020408,0.9291159346935258
425,4.7894736842105265,-10.306122448979592,0.7203173938079724
426,4.7894736842105265,-9.918367346938776,0.4045664328109747
427,4.7894736842105265,-9.530612244897961,0.028745620027884618
428,4.7894736842105265,-9.142857142857142,-0.3513433301846425
429,4.7894736842105265,-8.755102040816327,-0.6792649722406754
430,4.7894736842105265,-8.36734693877551,-0.906329640270283
431,4.7894736842105265,-7.979591836734696,-0.9988228689886745
432,4.7894736842105265,-7.591836734693878,-0.9430113031549652
433,4.7894736842105265,-7.204081632653061,-0.7471818203142997
434,4.7894736842105265,-6.816326530612246,-0.4404110987463178
435,4.7894736842105265,-6.428571428571429,-0.06824832464736838
436,4.7894736842105265,-6.040816326530613,0.3140479316530845
437,4.7894736842105265,-5.6530612244897975,0.649714484700468
438,4.7894736842105265,-5.2653061224489806,0.8889117075365909
439,4.7894736842105265,-4.8775510204081645,0.9961236983018344
440,4.7894736842105265,-4.489795918367348,0.9554316662299644
441,4.7894736842105265,-4.1020408163265305,0.7728775469270769
442,4.7894736842105265,-3.7142857142857153,0.4755668983438709
443,4.7894736842105265,-3.3265306122448983,0.10764427906551988
444,4.7894736842105265,-2.9387755102040813,-0.27626131696193673
445,4.7894736842105265,-2.5510204081632644,-0.6191477502060896
446,4.7894736842105265,-2.163265306122451,-0.8701033889694517
447,4.7894736842105265,-1.775510204081634,-0.9918664467991648
448,4.7894736842105265,-1.3877551020408172,-0.9663575966832656
449,4.7894736842105265,-1.0,-0.7973643818320217
450,5.263157894736842,-20.0,-0.5643743449799071
451,5.263157894736842,-19.612244897959183,-0.21033739449520167
452,5.263157894736842,-19.224489795918366,0.1749303628179653
453,5.263157894736842,-18.836734693877553,0.5342245342991283
454,5.263157894736842,-18.448979591836732,0.8141972742594646
455,5.263157894736842,-18.061224489795922,0.97327834940821
456,5.263157894736842,-17.6734693877551,0.9878474694020422
457,5.263157894736842,-17.285714285714285,0.8557414175039659
458,5.263157894736842,-16.89795918367347,0.5965752440838968
459,5.263157894736842,-16.510204081632654,0.2488298322866405
460,5.263157894736842,-16.122448979591837,-0.13586172712242275
461,5.263157894736842,-15.734693877551019,-0.5003805951024384
462,5.263157894736842,-15.346938775510207,-0.7906031652517256
463,5.263157894736842,-14.959183673469386,-0.9634373138547412
464,5.263157894736842,-14.571428571428573,-0.9932207000741076
465,5.263157894736842,-14.183673469387756,-0.8755310993978817
466,5.263157894736842,-13.79591836734694,-0.6278430136532783
467,5.263157894736842,-13.408163265306122,-0.2869330644113973
468,5.263157894736842,-13.020408163265307,0.09658058413386536
469,5.263157894736842,-12.63265306122449,0.4657539886454738
470,5.263157894736842,-12.244897959183676,0.7657724391182065
471,5.263157894736842,-11.857142857142858,0.9520893236946008
472,5.263157894736842,-11.469387755102039,0.9970403906373404
473,5.263157894736842,-11.081632653061225,0.8939513246550764
474,5.263157894736842,-10.693877551020408,0.6581287463967203
475,5.263157894736842,-10.306122448979592,0.3245874919310171
476,5.263157894736842,-9.918367346938776,-0.05714837521285782
477,5.263157894736842,-9.530612244897961,-0.4303988759238345
478,5.263157894736842,-9.142857142857142,-0.7397439346879636
479,5.263157894736842,-8.755102040816327,-0.9392521288174824
480,5.263157894736842,-8.36734693877551,-0.9993005665460104
481,5.263157894736842,-7.979591836734696,-0.9109732813924024
482,5.263157894736842,-7.591836734693878,-0.6873850710698036
483,5.263157894736842,-7.204081632653061,-0.3617342179020252
484,5.263157894736842,-6.816326530612246,0.017626778008821998
485,5.263157894736842,-6.428571428571429,0.3943705574217539
486,5.263157894736842,-6.040816326530613,0.7125583642876703
487,5.263157894736842,-5.6530612244897975,0.9249458084435688
488,5.263157894736842,-5.2653061224489806,0.9999976925597358
489,5.263157894736842,-4.8775510204081645,0.9265703448199012
490,5.263157894736842,-4.489795918367348,0.7155662265704767
491,5.263157894736842,-4.1020408163265305,0.398315139499236
492,5.263157894736842,-3.7142857142857153,0.021922390012680815
493,5.263157894736842,-3.3265306122448983,-0.35772538661418724
494,5.263157894736842,-2.9387755102040813,-0.6842582500616999
495,5.263157894736842,-2.5510204081632644,-0.9091927397167406
496,5.263157894736842,-2.163265306122451,-0.9991306782731076
497,5.263157894736842,-1.775510204081634,-0.9407181188858064
498,5.263157894736842,-1.3877551020408172,-0.7426281335160002
499,5.263157894736842,-1.0,-0.4342730388969287
500,5.7368421052631575,-20.0,-0.1256578938428651
501,5.7368421052631575,-19.612244897959183,0.2587850063521505
502,5.7368421052631575,-19.224489795918366,0.6048036189263998
503,5.7368421052631575,-18.836734693877553,0.8610212475283189
504,5.7368421052631575,-18.448979591836732,0.989394807692988
505,5.7368421052631575,-18.061224489795922,0.9708634478347576
506,5.7368421052631575,-17.6734693877551,0.8081786963796124
507,5.7368421052631575,-17.285714285714285,0.5254959159953533
508,5.7368421052631575,-16.89795918367347,0.16478772562166868
509,5.7368421052631575,-16.510204081632654,-0.22038807612917366
510,5.7368421052631575,-16.122448979591837,-0.5728407501194716
511,5.7368421052631575,-15.734693877551019,-0.8402382732965344
512,5.7368421052631575,-15.346938775510207,-0.982877575206371
513,5.7368421052631575,-14.959183673469386,-0.9795796329996026
514,5.7368421052631575,-14.571428571428573,-0.8308341237316963
515,5.7368421052631575,-14.183673469387756,-0.5587267173221458
516,5.7368421052631575,-13.79591836734694,-0.20365980568307365
517,5.7368421052631575,-13.408163265306122,0.18164642723919147
518,5.7368421052631575,-13.020408163265307,0.5399818759421192
519,5.7368421052631575,-12.63265306122449,0.818141045487025
520,5.7368421052631575,-12.244897959183676,0.9748229807466886
521,5.7368421052631575,-11.857142857142858,0.9867636146475997
522,5.7368421052631575,-11.469387755102039,0.8521900069493223
523,5.7368421052631575,-11.081632653061225,0.5910835896569502
524,5.7368421052631575,-10.693877551020408,0.24221333249980675
550,6.2105263157894735,-20.0,0.3407300056042546
551,6.2105263157894735,-19.612244897959183,0.6709196947072703
552,6.2105263157894735,-19.224489795918366,0.9014915130408008
553,6.2105263157894735,-18.836734693877553,0.99821025513535
554,6.2105263157894735,-18.448979591836732,0.9467151633220521
555,6.2105263157894735,-18.061224489795922,0.7546522069203149
556,6.2105263157894735,-17.6734693877551,0.4505388119669192
557,6.2105263157894735,-17.285714285714285,0.07952960593327127
558,6.2105263157894735,-16.89795918367347,-0.3032881221466152
559,6.2105263157894735,-16.510204081632654,-0.6410737589102655
560,6.2105263157894735,-16.122448979591837,-0.8836730367510425
561,6.2105263157894735,-15.734693877551019,-0.995064918129934
562,6.2105263157894735,-15.346938775510207,-0.958709983901086
563,6.2105263157894735,-14.959183673469386,-0.7800061992284549
564,6.2105263157894735,-14.571428571428573,-0.4854874260152954
565,6.2105263157894735,-14.183673469387756,-0.11888368637988565
566,6.2105263157894735,-13.79591836734694,0.2653718524198939
567,6.2105263157894735,-13.408163265306122,0.6102250914977103
568,6.2105263157894735,-13.020408163265307,0.8644723686628424
569,6.2105263157894735,-12.63265306122449,0.990363156393246
570,6.2105263157894735,-12.244897959183676,0.9692052440978042
571,6.2105263157894735,-11.857142857142858,0.8041401495906843
572,6.2105263157894735,-11.469387755102039,0.5196766678631227
573,6.2105263157894735,-11.081632653061225,0.1580518156325065
574,6.2105263157894735,-10.693877551020408,-0.22704050292644906
600,6.684210526315789,-20.0,0.7320848733059849
601,6.684210526315789,-19.612244897959183,0.9353094298044504
602,6.684210526315789,-19.224489795918366,0.9996596401736174
603,6.684210526315789,-18.836734693877553,0.9155808125612208
604,6.684210526315789,-18.448979591836732,0.6955569355125588
605,6.684210526315789,-18.061224489795922,0.3722570606636814
606,6.684210526315789,-17.6734693877551,-0.0063153841436661045
607,6.684210526315789,-17.285714285714285,-0.3839501234007869
608,6.684210526315789,-16.89795918367347,-0.7045761117200517
609,6.684210526315789,-16.510204081632654,-0.9205869387938024
610,6.684210526315789,-16.122448979591837,-0.999909408938562
611,6.684210526315789,-15.734693877551019,-0.9307657555418234
612,6.684210526315789,-15.346938775510207,-0.7234223988368031
613,6.684210526315789,-14.959183673469386,-0.4086655921949501
614,6.684210526315789,-14.571428571428573,-0.033230292326012816
615,6.684210526315789,-14.183673469387756,0.3471390272067952
616,6.684210526315789,-13.79591836734694,0.6759652917001795
617,6.684210526315789,-13.408163265306122,0.9044245173296559
618,6.684210526315789,-13.020408163265307,0.9985951754914416
619,6.684210526315789,-12.63265306122449,0.9444948469347044
620,6.684210526315789,-12.244897959183676,0.7501563254218975
621,6.684210526315789,-11.857142857142858,0.4444349119291558
622,6.684210526315789,-11.469387755102039,0.07272399183633838
623,6.684210526315789,-11.081632653061225,-0.3097849556176421
624,6.684210526315789,-10.693877551020408,-0.646297164686245
650,7.157894736842105,-20.0,0.9622254463004613
651,7.157894736842105,-19.612244897959183,0.9937322674051078
652,7.157894736842105,-19.224489795918366,0.8776901443145457
653,7.157894736842105,-18.836734693877553,0.6313289620851344
654,7.157894736842105,-18.448979591836732,0.2912283242186792
655,7.157894736842105,-18.061224489795922,-0.09211377129955677
656,7.157894736842105,-17.6734693877551,-0.4617788532529834
657,7.157894736842105,-17.285714285714285,-0.7628792075790479
658,7.157894736842105,-16.89795918367347,-0.9507075817965309
659,7.157894736842105,-16.510204081632654,-0.9973752988294058
660,7.157894736842105,-16.122448979591837,-0.8959531559114341
661,7.157894736842105,-15.734693877551019,-0.6615002696642777
662,7.157894736842105,-15.346938775510207,-0.32882810486971303
663,7.157894736842105,-14.959183673469386,0.052668317007625656
664,7.157894736842105,-14.571428571428573,0.42634456958795264
665,7.157894736842105,-14.183673469387756,0.7367173619009282
666,7.157894736842105,-13.79591836734694,0.9377026738187983
667,7.157894736842105,-13.408163265306122,0.999458291754532
668,7.157894736842105,-13.020408163265307,0.9128147678362858
669,7.157894736842105,-12.63265306122449,0.6906368956254804
670,7.157894736842105,-12.244897959183676,0.36591355104323936
671,7.157894736842105,-11.857142857142858,-0.01314048188842318
672,7.157894736842105,-11.469387755102039,-0.390243421661044
673,7.157894736842105,-11.081632653061225,-0.7094031842481536
674,7.157894736842105,-10.693877551020408,-0.9232310639148692
700,7.63157894736842,-20.0,0.980471876510396
701,7.63157894736842,-19.612244897959183,0.8333227640312856
702,7.63157894736842,-19.224489795918366,0.5624422421578532
703,7.63157894736842,-18.836734693877553,0.2080505355083883
704,7.63157894736842,-18.448979591836732,-0.17723242612032047
705,7.63157894736842,-18.061224489795922,-0.5361999925375059
706,7.63157894736842,-17.6734693877551,-0.8155528122352561
707,7.63157894736842,-17.285714285714285,-0.9738126974196001
708,7.63157894736842,-16.89795918367347,-0.9874812876836848
709,7.63157894736842,-16.510204081632654,-0.8545290765615803
710,7.63157894736842,-16.122448979591837,-0.5946967517847102
711,7.63157894736842,-15.734693877551019,-0.2465641063678713
712,7.63157894736842,-15.346938775510207,0.1381782726405031
713,7.63157894736842,-14.959183673469386,0.5024040005270789
714,7.63157894736842,-14.571428571428573,0.7920329962065096
715,7.63157894736842,-14.183673469387756,0.9640612696479476
716,7.63157894736842,-13.79591836734694,0.992946136015076
717,7.63157894736842,-13.408163265306122,0.8743987826412603
718,7.63157894736842,-13.020408163265307,0.6260210701092497
719,7.63157894736842,-12.63265306122449,0.2846920154820749
720,7.63157894736842,-12.244897959183676,-0.09890798845710423
721,7.63157894736842,-11.857142857142858,-0.4678221763591086
722,7.63157894736842,-11.469387755102039,-0.7672743265906067
723,7.63157894736842,-11.081632653061225,-0.9528019113129699
724,7.63157894736842,-10.693877551020408,-0.996857873695336
750,8.105263157894736,-20.0,0.7828060705637254
751,8.105263157894736,-19.612244897959183,0.4894051093960842
752,8.105263157894736,-19.224489795918366,0.1233374858449269
753,8.105263157894736,-18.836734693877553,-0.26104323511991057
754,8.105263157894736,-18.448979591836732,-0.6066643676175064
755,8.105263157894736,-18.061224489795922,-0.8622082329689343
756,8.105263157894736,-17.6734693877551,-0.9897317867899922
757,8.105263157894736,-17.285714285714285,-0.9703003860752244
758,8.105263157894736,-16.89795918367347,-0.8067991969339958
759,8.105263157894736,-16.510204081632654,-0.5235048063543108
760,8.105263157894736,-16.122448979591837,-0.16248064489740954
761,8.105263157894736,-15.734693877551019,0.22266857357245498
762,8.105263157894736,-15.346938775510207,0.5747560569918311
763,8.105263157894736,-14.959183673469386,0.8415040056485956
764,8.105263157894736,-14.571428571428573,0.9833057976371165
765,8.105263157894736,-14.183673469387756,0.9791067632247392
766,8.105263157894736,-13.79591836734694,0.8295303732541727
767,8.105263157894736,-13.408163265306122,0.5567856664580699
768,8.105263157894736,-13.020408163265307,0.2013696608387589
769,8.105263157894736,-12.63265306122449,-0.1839456263318024
770,8.105263157894736,-12.244897959183676,-0.5419487451801481
771,8.105263157894736,-11.857142857142858,-0.8194835449629834
772,8.105263157894736,-11.469387755102039,-0.9753417767096688
773,8.105263157894736,-11.081632653061225,-0.986381676493784
774,8.105263157894736,-10.693877551020408,-0.8509640446932615
800,8.57894736842105,-20.0,0.4127565244796729
801,8.57894736842105,-19.612244897959183,0.03771429564461914
802,8.57894736842105,-19.224489795918366,-0.3429277357589479
803,8.57894736842105,-18.836734693877553,-0.6726520028852061
804,8.57894736842105,-18.448979591836732,-0.9025011868608824
805,8.57894736842105,-18.061224489795922,-0.9983473786584248
806,8.57894736842105,-17.6734693877551,-0.9459593765057632
807,8.57894736842105,-17.285714285714285,-0.7531157286695306
808,8.57894736842105,-16.89795918367347,-0.4484497779184916
809,8.57894736842105,-16.510204081632654,-0.07719819497374895
810,8.57894736842105,-16.122448979591837,0.3055157431100656
811,8.57894736842105,-15.734693877551019,0.6428668336649209
812,8.57894736842105,-15.346938775510207,0.8847653303203499
813,8.57894736842105,-14.959183673469386,0.9952942472295332
814,8.57894736842105,-14.571428571428573,0.9580422978438567
815,8.57894736842105,-14.183673469387756,0.7785406357560515
816,8.57894736842105,-13.79591836734694,0.4834415913684492
817,8.57894736842105,-13.408163265306122,0.11656134521638095
818,8.57894736842105,-13.020408163265307,-0.2676258798723362
819,8.57894736842105,-12.63265306122449,-0.6120761282021236
820,8.57894736842105,-12.244897959183676,-0.8656455734770387
821,8.57894736842105,-11.857142857142858,-0.9906843323656548
822,8.57894736842105,-11.469387755102039,-0.9686267031567132
823,8.57894736842105,-11.081632653061225,-0.802747793248838
824,8.57894736842105,-10.693877551020408,-0.5176772325976599
850,9.052631578947368,-20.0,-0.04818719850399745
851,9.052631578947368,-19.612244897959183,-0.4222816802464111
852,9.052631578947368,-19.224489795918366,-0.7336759578019999
853,9.052631578947368,-18.836734693877553,-0.9361343413488616
854,9.052631578947368,-18.448979591836732,-0.9995958962513432
855,9.052631578947368,-18.061224489795922,-0.9146378778427134
856,9.052631578947368,-17.6734693877551,-0.6938748165435694
857,9.052631578947368,-17.285714285714285,-0.370085517752923
858,9.052631578947368,-16.89795918367347,0.008653921228870844
859,9.052631578947368,-16.510204081632654,0.3861084296691624
860,9.052631578947368,-16.122448979591837,0.7062337227753096
861,9.052631578947368,-15.734693877551019,0.9214977332518284
862,9.052631578947368,-15.346938775510207,0.9999381524258044
863,9.052631578947368,-14.959183673469386,0.9299081802375284
864,9.052631578947368,-14.571428571428573,0.7218058371572231
865,9.052631578947368,-14.183673469387756,0.4065300705303636
866,9.052631578947368,-13.79591836734694,0.03089289202443583
867,9.052631578947368,-13.408163265306122,-0.34933124994323483
868,9.052631578947368,-13.020408163265307,-0.6776868365724424
869,9.052631578947368,-12.63265306122449,-0.90541977008769
870,9.052631578947368,-12.244897959183676,-0.99871636142925
871,9.052631578947368,-11.857142857142858,-0.94372397241581
872,9.052631578947368,-11.469387755102039,-0.7486078495668299
873,9.052631578947368,-11.081632653061225,-0.44233875177394505
874,9.052631578947368,-10.693877551020408,-0.07039138434883674
900,9.526315789473683,-20.0,-0.4985194944468929
901,9.526315789473683,-19.612244897959183,-0.7892859201638638
902,9.526315789473683,-19.224489795918366,-0.9628595083246742
903,9.526315789473683,-18.836734693877553,-0.9934681264210607
904,9.526315789473683,-18.448979591836732,-0.8765670198631494
905,9.526315789473683,-18.061224489795922,-0.6295136152069993
906,9.526315789473683,-17.6734693877551,-0.2889902968457765
907,9.526315789473683,-17.285714285714285,0.0944421778152602
908,9.526315789473683,-16.89795918367347,0.4638519181028541
909,9.526315789473683,-16.510204081632654,0.7643891229763451
910,9.526315789473683,-16.122448979591837,0.9514301561455888
911,9.526315789473683,-15.734693877551019,0.9972032445983552
912,9.526315789473683,-15.346938775510207,0.8949120196392859
913,9.526315789473683,-14.959183673469386,0.6597446388216811
914,9.526315789473683,-14.571428571428573,0.3266186547770913
915,9.526315789473683,-14.183673469387756,-0.0550035281407221
916,9.526315789473683,-13.79591836734694,-0.4284588106061978
917,9.526315789473683,-13.408163265306122,-0.7382967111976204
918,9.526315789473683,-13.020408163265307,-0.9385126302824328
919,9.526315789473683,-12.63265306122449,-0.9993785933940552
920,9.526315789473683,-12.244897959183676,-0.9118572482303472
921,9.526315789473683,-11.857142857142858,-0.6889437268777102
922,9.526315789473683,-11.469387755102039,-0.3637361341288001
923,9.526315789473683,-11.081632653061225,0.015478845032642225
924,9.526315789473683,-10.693877551020408,0.3923955318704492
950,10.0,-20.0,-0.8390715290764524
951,10.0,-19.612244897959183,-0.9824794755810801
952,10.0,-19.224489795918366,-0.9800092876320596
953,10.0,-18.836734693877553,-0.8320277376849092
954,10.0,-18.448979591836732,-0.5605070633042655
955,10.0,-18.061224489795922,-0.20576253868027766
956,10.0,-17.6734693877551,0.17953352012753876
957,10.0,-17.285714285714285,0.538172518264839
958,10.0,-16.89795918367347,0.8169038899020887
959,10.0,-16.510204081632654,0.9743417195888964
960,10.0,-16.122448979591837,0.9871097053688656
961,10.0,-15.734693877551019,0.8533120621466269
962,10.0,-15.346938775510207,0.5928150070520712
963,10.0,-14.959183673469386,0.2442970319747004
964,10.0,-14.571428571428573,-0.14049406245303284
965,10.0,-14.183673469387756,-0.5044246582730545
966,10.0,-13.79591836734694,-0.7934584954836719
967,10.0,-13.408163265306122,-0.9646799529302256
968,10.0,-13.020408163265307,-0.9926661414719884
969,10.0,-12.63265306122449,-0.8732616837434173
970,10.0,-12.244897959183676,-0.6241957028171262
971,10.0,-11.857142857142858,-0.2824494095544455
972,10.0,-11.469387755102039,0.101234851846417
973,10.0,-11.081632653061225,0.469887805524221
974,10.0,-10.693877551020408,0.7687720177920848
